[
  {
    "model": "first.account",
    "pk": 3,
    "fields": {
      "full_name": "Kitty",
      "sex": "female",
      "avatar": "avatars/test/8050484802969099712.jpg",
      "country": "Russian Federation",
      "placeOfWork": "Nonevgh",
      "position": "orgsss",
      "scientific_interest": "or",
      "science_degree": "org",
      "academic_rank": "Nonetr7",
      "researcher_id": "Nonert",
      "orc_id": "http://Nonert.ru",
      "female": "ms",
      "marker": "https://psv4.userapi.com/c834502/u187881541/docs/d5/7cdea22a5d38/lect.png?extra=3ik8bvlrIhSUjQe0kw8JkVTdyTrVsBdOtgHqtdRjkPb4WlNqcd7OLfQRJcuK2pUhXjxY7Rjx65NhtX4EJDfd389sEG3ZhpnrJoNZ8LKT7a-6_nfBKlFm_lFVXQ3bAYJFMHtNFfirA0OC5tRD",
      "groups": [],
      "user_permissions": []
    }
  },
  {
    "model": "first.account",
    "pk": 7,
    "fields": {
      "full_name": "John",
      "sex": "male",
      "avatar": "",
      "country": "Aruba",
      "placeOfWork": "24",
      "position": "3",
      "scientific_interest": "4",
      "science_degree": "5",
      "academic_rank": "6",
      "researcher_id": "7",
      "orc_id": "8",
      "female": "None",
      "marker": "https://psv4.userapi.com/c834502/u187881541/docs/d5/7cdea22a5d38/lect.png?extra=3ik8bvlrIhSUjQe0kw8JkVTdyTrVsBdOtgHqtdRjkPb4WlNqcd7OLfQRJcuK2pUhXjxY7Rjx65NhtX4EJDfd389sEG3ZhpnrJoNZ8LKT7a-6_nfBKlFm_lFVXQ3bAYJFMHtNFfirA0OC5tRD",
      "groups": [],
      "user_permissions": []
    }
  },
  {
    "model": "first.account",
    "pk": 23,
    "fields": {
      "full_name": "test_",
      "sex": "None",
      "avatar": "",
      "country": "United States",
      "placeOfWork": "None",
      "position": "Professor",
      "scientific_interest": "None",
      "science_degree": "None",
      "academic_rank": "None",
      "researcher_id": "None",
      "orc_id": "None",
      "female": "None",
      "marker": "https://psv4.userapi.com/c834502/u187881541/docs/d5/7cdea22a5d38/lect.png?extra=3ik8bvlrIhSUjQe0kw8JkVTdyTrVsBdOtgHqtdRjkPb4WlNqcd7OLfQRJcuK2pUhXjxY7Rjx65NhtX4EJDfd389sEG3ZhpnrJoNZ8LKT7a-6_nfBKlFm_lFVXQ3bAYJFMHtNFfirA0OC5tRD",
      "groups": [],
      "user_permissions": []
    }
  },
  {
    "model": "first.account",
    "pk": 24,
    "fields": {
      "full_name": "test_1",
      "sex": "None",
      "avatar": "",
      "country": "United States",
      "placeOfWork": "None",
      "position": "Professor",
      "scientific_interest": "None",
      "science_degree": "None",
      "academic_rank": "None",
      "researcher_id": "None",
      "orc_id": "None",
      "female": "None",
      "marker": "https://psv4.userapi.com/c834502/u187881541/docs/d5/7cdea22a5d38/lect.png?extra=3ik8bvlrIhSUjQe0kw8JkVTdyTrVsBdOtgHqtdRjkPb4WlNqcd7OLfQRJcuK2pUhXjxY7Rjx65NhtX4EJDfd389sEG3ZhpnrJoNZ8LKT7a-6_nfBKlFm_lFVXQ3bAYJFMHtNFfirA0OC5tRD",
      "groups": [],
      "user_permissions": []
    }
  },
  {
    "model": "first.account",
    "pk": 25,
    "fields": {
      "full_name": "test_1d",
      "sex": "None",
      "avatar": "",
      "country": "United States",
      "placeOfWork": "None",
      "position": "Professor",
      "scientific_interest": "None",
      "science_degree": "None",
      "academic_rank": "None",
      "researcher_id": "None",
      "orc_id": "None",
      "female": "None",
      "marker": "https://psv4.userapi.com/c834502/u187881541/docs/d5/7cdea22a5d38/lect.png?extra=3ik8bvlrIhSUjQe0kw8JkVTdyTrVsBdOtgHqtdRjkPb4WlNqcd7OLfQRJcuK2pUhXjxY7Rjx65NhtX4EJDfd389sEG3ZhpnrJoNZ8LKT7a-6_nfBKlFm_lFVXQ3bAYJFMHtNFfirA0OC5tRD",
      "groups": [],
      "user_permissions": []
    }
  },
  {
    "model": "first.account",
    "pk": 26,
    "fields": {
      "full_name": "test_1d3e",
      "sex": "None",
      "avatar": "",
      "country": "United States",
      "placeOfWork": "None",
      "position": "Professor",
      "scientific_interest": "None",
      "science_degree": "None",
      "academic_rank": "None",
      "researcher_id": "None",
      "orc_id": "None",
      "female": "None",
      "marker": "https://psv4.userapi.com/c834502/u187881541/docs/d5/7cdea22a5d38/lect.png?extra=3ik8bvlrIhSUjQe0kw8JkVTdyTrVsBdOtgHqtdRjkPb4WlNqcd7OLfQRJcuK2pUhXjxY7Rjx65NhtX4EJDfd389sEG3ZhpnrJoNZ8LKT7a-6_nfBKlFm_lFVXQ3bAYJFMHtNFfirA0OC5tRD",
      "groups": [],
      "user_permissions": []
    }
  },
  {
    "model": "first.account",
    "pk": 27,
    "fields": {
      "full_name": "test3",
      "sex": "None",
      "avatar": "",
      "country": "United States",
      "placeOfWork": "None",
      "position": "Professor",
      "scientific_interest": "None",
      "science_degree": "None",
      "academic_rank": "None",
      "researcher_id": "None",
      "orc_id": "None",
      "female": "None",
      "marker": "https://psv4.userapi.com/c834502/u187881541/docs/d5/7cdea22a5d38/lect.png?extra=3ik8bvlrIhSUjQe0kw8JkVTdyTrVsBdOtgHqtdRjkPb4WlNqcd7OLfQRJcuK2pUhXjxY7Rjx65NhtX4EJDfd389sEG3ZhpnrJoNZ8LKT7a-6_nfBKlFm_lFVXQ3bAYJFMHtNFfirA0OC5tRD",
      "groups": [],
      "user_permissions": []
    }
  },
  {
    "model": "first.account",
    "pk": 28,
    "fields": {
      "full_name": "test4",
      "sex": "None",
      "avatar": "",
      "country": "United States",
      "placeOfWork": "None",
      "position": "Professor",
      "scientific_interest": "None",
      "science_degree": "None",
      "academic_rank": "None",
      "researcher_id": "None",
      "orc_id": "None",
      "female": "None",
      "marker": "https://psv4.userapi.com/c834502/u187881541/docs/d5/7cdea22a5d38/lect.png?extra=3ik8bvlrIhSUjQe0kw8JkVTdyTrVsBdOtgHqtdRjkPb4WlNqcd7OLfQRJcuK2pUhXjxY7Rjx65NhtX4EJDfd389sEG3ZhpnrJoNZ8LKT7a-6_nfBKlFm_lFVXQ3bAYJFMHtNFfirA0OC5tRD",
      "groups": [],
      "user_permissions": []
    }
  },
  {
    "model": "first.account",
    "pk": 29,
    "fields": {
      "full_name": "test45",
      "sex": "None",
      "avatar": "",
      "country": "United States",
      "placeOfWork": "None",
      "position": "Professor",
      "scientific_interest": "None",
      "science_degree": "None",
      "academic_rank": "None",
      "researcher_id": "None",
      "orc_id": "None",
      "female": "None",
      "marker": "https://psv4.userapi.com/c834502/u187881541/docs/d5/7cdea22a5d38/lect.png?extra=3ik8bvlrIhSUjQe0kw8JkVTdyTrVsBdOtgHqtdRjkPb4WlNqcd7OLfQRJcuK2pUhXjxY7Rjx65NhtX4EJDfd389sEG3ZhpnrJoNZ8LKT7a-6_nfBKlFm_lFVXQ3bAYJFMHtNFfirA0OC5tRD",
      "groups": [],
      "user_permissions": []
    }
  },
  {
    "model": "first.account",
    "pk": 30,
    "fields": {
      "full_name": "test45er",
      "sex": "None",
      "avatar": "",
      "country": "United States",
      "placeOfWork": "None",
      "position": "Professor",
      "scientific_interest": "None",
      "science_degree": "None",
      "academic_rank": "None",
      "researcher_id": "None",
      "orc_id": "None",
      "female": "None",
      "marker": "https://psv4.userapi.com/c834502/u187881541/docs/d5/7cdea22a5d38/lect.png?extra=3ik8bvlrIhSUjQe0kw8JkVTdyTrVsBdOtgHqtdRjkPb4WlNqcd7OLfQRJcuK2pUhXjxY7Rjx65NhtX4EJDfd389sEG3ZhpnrJoNZ8LKT7a-6_nfBKlFm_lFVXQ3bAYJFMHtNFfirA0OC5tRD",
      "groups": [],
      "user_permissions": []
    }
  },
  {
    "model": "first.account",
    "pk": 31,
    "fields": {
      "full_name": "test45erdf",
      "sex": "None",
      "avatar": "",
      "country": "United States",
      "placeOfWork": "None",
      "position": "Professor",
      "scientific_interest": "None",
      "science_degree": "None",
      "academic_rank": "None",
      "researcher_id": "None",
      "orc_id": "None",
      "female": "None",
      "marker": "https://psv4.userapi.com/c834502/u187881541/docs/d5/7cdea22a5d38/lect.png?extra=3ik8bvlrIhSUjQe0kw8JkVTdyTrVsBdOtgHqtdRjkPb4WlNqcd7OLfQRJcuK2pUhXjxY7Rjx65NhtX4EJDfd389sEG3ZhpnrJoNZ8LKT7a-6_nfBKlFm_lFVXQ3bAYJFMHtNFfirA0OC5tRD",
      "groups": [],
      "user_permissions": []
    }
  },
  {
    "model": "first.account",
    "pk": 32,
    "fields": {
      "full_name": "test45erdfb",
      "sex": "None",
      "avatar": "",
      "country": "United States",
      "placeOfWork": "None",
      "position": "Professor",
      "scientific_interest": "None",
      "science_degree": "None",
      "academic_rank": "None",
      "researcher_id": "None",
      "orc_id": "None",
      "female": "None",
      "marker": "https://psv4.userapi.com/c834502/u187881541/docs/d5/7cdea22a5d38/lect.png?extra=3ik8bvlrIhSUjQe0kw8JkVTdyTrVsBdOtgHqtdRjkPb4WlNqcd7OLfQRJcuK2pUhXjxY7Rjx65NhtX4EJDfd389sEG3ZhpnrJoNZ8LKT7a-6_nfBKlFm_lFVXQ3bAYJFMHtNFfirA0OC5tRD",
      "groups": [],
      "user_permissions": []
    }
  },
  {
    "model": "first.account",
    "pk": 33,
    "fields": {
      "full_name": "Anzor1",
      "sex": "None",
      "avatar": "",
      "country": "United States",
      "placeOfWork": "None",
      "position": "Professor",
      "scientific_interest": "None",
      "science_degree": "None",
      "academic_rank": "None",
      "researcher_id": "None",
      "orc_id": "None",
      "female": "None",
      "marker": "https://psv4.userapi.com/c834502/u187881541/docs/d5/7cdea22a5d38/lect.png?extra=3ik8bvlrIhSUjQe0kw8JkVTdyTrVsBdOtgHqtdRjkPb4WlNqcd7OLfQRJcuK2pUhXjxY7Rjx65NhtX4EJDfd389sEG3ZhpnrJoNZ8LKT7a-6_nfBKlFm_lFVXQ3bAYJFMHtNFfirA0OC5tRD",
      "groups": [],
      "user_permissions": []
    }
  },
  {
    "model": "first.account",
    "pk": 34,
    "fields": {
      "full_name": "test45erdfb2",
      "sex": "None",
      "avatar": "",
      "country": "United States",
      "placeOfWork": "None",
      "position": "Professor",
      "scientific_interest": "None",
      "science_degree": "None",
      "academic_rank": "None",
      "researcher_id": "None",
      "orc_id": "None",
      "female": "None",
      "marker": "https://psv4.userapi.com/c834502/u187881541/docs/d5/7cdea22a5d38/lect.png?extra=3ik8bvlrIhSUjQe0kw8JkVTdyTrVsBdOtgHqtdRjkPb4WlNqcd7OLfQRJcuK2pUhXjxY7Rjx65NhtX4EJDfd389sEG3ZhpnrJoNZ8LKT7a-6_nfBKlFm_lFVXQ3bAYJFMHtNFfirA0OC5tRD",
      "groups": [],
      "user_permissions": []
    }
  },
  {
    "model": "first.account",
    "pk": 35,
    "fields": {
      "full_name": "test45erdfb2d",
      "sex": "None",
      "avatar": "",
      "country": "United States",
      "placeOfWork": "None",
      "position": "Professor",
      "scientific_interest": "None",
      "science_degree": "None",
      "academic_rank": "None",
      "researcher_id": "None",
      "orc_id": "None",
      "female": "None",
      "marker": "https://psv4.userapi.com/c834502/u187881541/docs/d5/7cdea22a5d38/lect.png?extra=3ik8bvlrIhSUjQe0kw8JkVTdyTrVsBdOtgHqtdRjkPb4WlNqcd7OLfQRJcuK2pUhXjxY7Rjx65NhtX4EJDfd389sEG3ZhpnrJoNZ8LKT7a-6_nfBKlFm_lFVXQ3bAYJFMHtNFfirA0OC5tRD",
      "groups": [],
      "user_permissions": []
    }
  },
  {
    "model": "first.account",
    "pk": 36,
    "fields": {
      "full_name": "RBM",
      "sex": "None",
      "avatar": "",
      "country": "United States",
      "placeOfWork": "None",
      "position": "Professor",
      "scientific_interest": "None",
      "science_degree": "None",
      "academic_rank": "None",
      "researcher_id": "None",
      "orc_id": "None",
      "female": "None",
      "marker": "https://psv4.userapi.com/c834502/u187881541/docs/d5/7cdea22a5d38/lect.png?extra=3ik8bvlrIhSUjQe0kw8JkVTdyTrVsBdOtgHqtdRjkPb4WlNqcd7OLfQRJcuK2pUhXjxY7Rjx65NhtX4EJDfd389sEG3ZhpnrJoNZ8LKT7a-6_nfBKlFm_lFVXQ3bAYJFMHtNFfirA0OC5tRD",
      "groups": [],
      "user_permissions": []
    }
  },
  {
    "model": "first.account",
    "pk": 37,
    "fields": {
      "full_name": "Welcome",
      "sex": "male",
      "avatar": "avatars/welcome/8400623506078211253.jpg",
      "country": "United States",
      "placeOfWork": "None",
      "position": "Professor",
      "scientific_interest": "None",
      "science_degree": "None",
      "academic_rank": "None",
      "researcher_id": "None",
      "orc_id": "http://Nonef.ru",
      "female": "None",
      "marker": "https://psv4.userapi.com/c834502/u187881541/docs/d5/7cdea22a5d38/lect.png?extra=3ik8bvlrIhSUjQe0kw8JkVTdyTrVsBdOtgHqtdRjkPb4WlNqcd7OLfQRJcuK2pUhXjxY7Rjx65NhtX4EJDfd389sEG3ZhpnrJoNZ8LKT7a-6_nfBKlFm_lFVXQ3bAYJFMHtNFfirA0OC5tRD",
      "groups": [],
      "user_permissions": []
    }
  },
  {
    "model": "first.account",
    "pk": 38,
    "fields": {
      "full_name": "Anz",
      "sex": "None",
      "avatar": "",
      "country": "United States",
      "placeOfWork": "None",
      "position": "Professor",
      "scientific_interest": "None",
      "science_degree": "None",
      "academic_rank": "None",
      "researcher_id": "None",
      "orc_id": "None",
      "female": "None",
      "marker": "https://psv4.userapi.com/c834502/u187881541/docs/d5/7cdea22a5d38/lect.png?extra=3ik8bvlrIhSUjQe0kw8JkVTdyTrVsBdOtgHqtdRjkPb4WlNqcd7OLfQRJcuK2pUhXjxY7Rjx65NhtX4EJDfd389sEG3ZhpnrJoNZ8LKT7a-6_nfBKlFm_lFVXQ3bAYJFMHtNFfirA0OC5tRD",
      "groups": [],
      "user_permissions": []
    }
  },
  {
    "model": "first.account",
    "pk": 39,
    "fields": {
      "full_name": "Anz2",
      "sex": "None",
      "avatar": "",
      "country": "United States",
      "placeOfWork": "None",
      "position": "Professor",
      "scientific_interest": "None",
      "science_degree": "None",
      "academic_rank": "None",
      "researcher_id": "None",
      "orc_id": "None",
      "female": "None",
      "marker": "https://psv4.userapi.com/c834502/u187881541/docs/d5/7cdea22a5d38/lect.png?extra=3ik8bvlrIhSUjQe0kw8JkVTdyTrVsBdOtgHqtdRjkPb4WlNqcd7OLfQRJcuK2pUhXjxY7Rjx65NhtX4EJDfd389sEG3ZhpnrJoNZ8LKT7a-6_nfBKlFm_lFVXQ3bAYJFMHtNFfirA0OC5tRD",
      "groups": [],
      "user_permissions": []
    }
  },
  {
    "model": "first.account",
    "pk": 40,
    "fields": {
      "full_name": "asd",
      "sex": "None",
      "avatar": "",
      "country": "United States",
      "placeOfWork": "None",
      "position": "Professor",
      "scientific_interest": "None",
      "science_degree": "None",
      "academic_rank": "None",
      "researcher_id": "None",
      "orc_id": "None",
      "female": "None",
      "marker": "https://psv4.userapi.com/c834502/u187881541/docs/d5/7cdea22a5d38/lect.png?extra=3ik8bvlrIhSUjQe0kw8JkVTdyTrVsBdOtgHqtdRjkPb4WlNqcd7OLfQRJcuK2pUhXjxY7Rjx65NhtX4EJDfd389sEG3ZhpnrJoNZ8LKT7a-6_nfBKlFm_lFVXQ3bAYJFMHtNFfirA0OC5tRD",
      "groups": [],
      "user_permissions": []
    }
  },
  {
    "model": "first.account",
    "pk": 41,
    "fields": {
      "full_name": "Stipot",
      "sex": "None",
      "avatar": "",
      "country": "United States",
      "placeOfWork": "None",
      "position": "Professor",
      "scientific_interest": "None",
      "science_degree": "None",
      "academic_rank": "None",
      "researcher_id": "None",
      "orc_id": "None",
      "female": "None",
      "marker": "https://psv4.userapi.com/c834502/u187881541/docs/d5/7cdea22a5d38/lect.png?extra=3ik8bvlrIhSUjQe0kw8JkVTdyTrVsBdOtgHqtdRjkPb4WlNqcd7OLfQRJcuK2pUhXjxY7Rjx65NhtX4EJDfd389sEG3ZhpnrJoNZ8LKT7a-6_nfBKlFm_lFVXQ3bAYJFMHtNFfirA0OC5tRD",
      "groups": [],
      "user_permissions": []
    }
  },
  {
    "model": "first.account",
    "pk": 42,
    "fields": {
      "full_name": "Stipot",
      "sex": "None",
      "avatar": "",
      "country": "United States",
      "placeOfWork": "None",
      "position": "Professor",
      "scientific_interest": "None",
      "science_degree": "None",
      "academic_rank": "None",
      "researcher_id": "None",
      "orc_id": "http://None.ru",
      "female": "None",
      "marker": "https://psv4.userapi.com/c834502/u187881541/docs/d5/7cdea22a5d38/lect.png?extra=3ik8bvlrIhSUjQe0kw8JkVTdyTrVsBdOtgHqtdRjkPb4WlNqcd7OLfQRJcuK2pUhXjxY7Rjx65NhtX4EJDfd389sEG3ZhpnrJoNZ8LKT7a-6_nfBKlFm_lFVXQ3bAYJFMHtNFfirA0OC5tRD",
      "groups": [],
      "user_permissions": []
    }
  },
  {
    "model": "first.account",
    "pk": 43,
    "fields": {
      "full_name": "Stipot",
      "sex": "None",
      "avatar": "",
      "country": "United States",
      "placeOfWork": "None",
      "position": "Professor",
      "scientific_interest": "None",
      "science_degree": "None",
      "academic_rank": "None",
      "researcher_id": "None",
      "orc_id": "None",
      "female": "None",
      "marker": "https://psv4.userapi.com/c834502/u187881541/docs/d5/7cdea22a5d38/lect.png?extra=3ik8bvlrIhSUjQe0kw8JkVTdyTrVsBdOtgHqtdRjkPb4WlNqcd7OLfQRJcuK2pUhXjxY7Rjx65NhtX4EJDfd389sEG3ZhpnrJoNZ8LKT7a-6_nfBKlFm_lFVXQ3bAYJFMHtNFfirA0OC5tRD",
      "groups": [],
      "user_permissions": []
    }
  },
  {
    "model": "first.account",
    "pk": 44,
    "fields": {
      "full_name": "Stipot",
      "sex": "None",
      "avatar": "",
      "country": "United States",
      "placeOfWork": "None",
      "position": "Professor",
      "scientific_interest": "None",
      "science_degree": "None",
      "academic_rank": "None",
      "researcher_id": "None",
      "orc_id": "None",
      "female": "None",
      "marker": "https://psv4.userapi.com/c834502/u187881541/docs/d5/7cdea22a5d38/lect.png?extra=3ik8bvlrIhSUjQe0kw8JkVTdyTrVsBdOtgHqtdRjkPb4WlNqcd7OLfQRJcuK2pUhXjxY7Rjx65NhtX4EJDfd389sEG3ZhpnrJoNZ8LKT7a-6_nfBKlFm_lFVXQ3bAYJFMHtNFfirA0OC5tRD",
      "groups": [],
      "user_permissions": []
    }
  },
  {
    "model": "first.account",
    "pk": 45,
    "fields": {
      "full_name": "zorik",
      "sex": "None",
      "avatar": "",
      "country": "United States",
      "placeOfWork": "None",
      "position": "Professor",
      "scientific_interest": "None",
      "science_degree": "None",
      "academic_rank": "None",
      "researcher_id": "None",
      "orc_id": "None",
      "female": "None",
      "marker": "https://psv4.userapi.com/c834502/u187881541/docs/d5/7cdea22a5d38/lect.png?extra=3ik8bvlrIhSUjQe0kw8JkVTdyTrVsBdOtgHqtdRjkPb4WlNqcd7OLfQRJcuK2pUhXjxY7Rjx65NhtX4EJDfd389sEG3ZhpnrJoNZ8LKT7a-6_nfBKlFm_lFVXQ3bAYJFMHtNFfirA0OC5tRD",
      "groups": [],
      "user_permissions": []
    }
  },
  {
    "model": "first.account",
    "pk": 47,
    "fields": {
      "full_name": "rtr",
      "sex": "None",
      "avatar": "",
      "country": "United States",
      "placeOfWork": "None",
      "position": "Professor",
      "scientific_interest": "None",
      "science_degree": "None",
      "academic_rank": "None",
      "researcher_id": "None",
      "orc_id": "http://None.ru",
      "female": "None",
      "marker": "https://psv4.userapi.com/c834502/u187881541/docs/d5/7cdea22a5d38/lect.png?extra=3ik8bvlrIhSUjQe0kw8JkVTdyTrVsBdOtgHqtdRjkPb4WlNqcd7OLfQRJcuK2pUhXjxY7Rjx65NhtX4EJDfd389sEG3ZhpnrJoNZ8LKT7a-6_nfBKlFm_lFVXQ3bAYJFMHtNFfirA0OC5tRD",
      "groups": [],
      "user_permissions": []
    }
  },
  {
    "model": "first.org",
    "pk": 46,
    "fields": {
      "full_name": "zorro",
      "logo": "",
      "country": null,
      "resperative": null,
      "phone_number": null,
      "director": null,
      "director_email": null,
      "lecture_themes": null,
      "groups": [],
      "user_permissions": []
    }
  },
  {
    "model": "first.platform",
    "pk": 1,
    "fields": {
      "name": "Name",
      "platform_country": "Country",
      "platform_city": "City",
      "platform_adress": "Adress",
      "lat": 47.220983,
      "lng": 38.9173,
      "Org": 3
    }
  },
  {
    "model": "first.platform",
    "pk": 2,
    "fields": {
      "name": "\u0410\u043d\u0434\u0440\u0435\u0439",
      "platform_country": "Country",
      "platform_city": "City",
      "platform_adress": "Adress",
      "lat": 41.121,
      "lng": 36.21212,
      "Org": 3
    }
  },
  {
    "model": "first.platform",
    "pk": 3,
    "fields": {
      "name": "dsds",
      "platform_country": "sdsd",
      "platform_city": "sdsd",
      "platform_adress": "sdsd",
      "lat": 20.075026202552824,
      "lng": 78.5617691015625,
      "Org": 3
    }
  },
  {
    "model": "first.platform",
    "pk": 4,
    "fields": {
      "name": "asa",
      "platform_country": "asasasa",
      "platform_city": "asas",
      "platform_adress": "asasasasasas",
      "lat": 49.6774390754945,
      "lng": 88.74776253679818,
      "Org": 3
    }
  },
  {
    "model": "first.platform",
    "pk": 5,
    "fields": {
      "name": "Rostov",
      "platform_country": "sxax",
      "platform_city": "asxa",
      "platform_adress": "asxasx",
      "lat": 47.333276879587366,
      "lng": 38.91785265940757,
      "Org": 3
    }
  },
  {
    "model": "first.platform",
    "pk": 6,
    "fields": {
      "name": "rtrt",
      "platform_country": "rtrt",
      "platform_city": "rtrt",
      "platform_adress": "rtrtrt",
      "lat": 20.332784268845096,
      "lng": 80.2756362890625,
      "Org": 46
    }
  },
  {
    "model": "first.platform",
    "pk": 7,
    "fields": {
      "name": "fortest",
      "platform_country": "countrytest",
      "platform_city": "citytest",
      "platform_adress": "adresstest",
      "lat": 19.46538776426944,
      "lng": 80.5502944921875,
      "Org": 46
    }
  },
  {
    "model": "first.platform",
    "pk": 8,
    "fields": {
      "name": "Physics",
      "platform_country": "Russia",
      "platform_city": "Rostov",
      "platform_adress": "none",
      "lat": 47.16110430685249,
      "lng": 39.7285708241111,
      "Org": 46
    }
  },
  {
    "model": "first.app",
    "pk": 1,
    "fields": {
      "user": 3,
      "country": "Country",
      "platform": 1,
      "date": "2018-03-28",
      "lecture_title": "Name",
      "language": "ab",
      "this_lect_is": null,
      "is_consired": false,
      "check_anycity": false,
      "is_complete": false,
      "is_canceled": false
    }
  },
  {
    "model": "first.app",
    "pk": 2,
    "fields": {
      "user": 3,
      "country": "Country",
      "platform": 1,
      "date": "2018-03-28",
      "lecture_title": "blabla",
      "language": "ab",
      "this_lect_is": null,
      "is_consired": false,
      "check_anycity": false,
      "is_complete": false,
      "is_canceled": false
    }
  },
  {
    "model": "first.app",
    "pk": 3,
    "fields": {
      "user": 3,
      "country": "Country",
      "platform": 1,
      "date": "2018-03-28",
      "lecture_title": "blabla",
      "language": "ab",
      "this_lect_is": null,
      "is_consired": false,
      "check_anycity": false,
      "is_complete": false,
      "is_canceled": false
    }
  },
  {
    "model": "first.app",
    "pk": 4,
    "fields": {
      "user": 3,
      "country": "Country",
      "platform": 1,
      "date": "2018-03-28",
      "lecture_title": "blabla",
      "language": "ab",
      "this_lect_is": null,
      "is_consired": false,
      "check_anycity": false,
      "is_complete": false,
      "is_canceled": false
    }
  },
  {
    "model": "first.app",
    "pk": 5,
    "fields": {
      "user": 3,
      "country": "Country",
      "platform": 1,
      "date": "2018-03-28",
      "lecture_title": "blabla",
      "language": "ab",
      "this_lect_is": null,
      "is_consired": true,
      "check_anycity": false,
      "is_complete": false,
      "is_canceled": false
    }
  },
  {
    "model": "first.app",
    "pk": 6,
    "fields": {
      "user": 3,
      "country": "countrytest",
      "platform": 7,
      "date": "2018-03-29",
      "lecture_title": "namelect",
      "language": "ab",
      "this_lect_is": null,
      "is_consired": false,
      "check_anycity": false,
      "is_complete": false,
      "is_canceled": false
    }
  },
  {
    "model": "first.app",
    "pk": 7,
    "fields": {
      "user": 3,
      "country": "countrytest",
      "platform": 7,
      "date": "2018-03-29",
      "lecture_title": "namelect",
      "language": "ab",
      "this_lect_is": null,
      "is_consired": false,
      "check_anycity": false,
      "is_complete": false,
      "is_canceled": false
    }
  },
  {
    "model": "first.app",
    "pk": 8,
    "fields": {
      "user": 3,
      "country": "countrytest",
      "platform": 7,
      "date": "2018-03-29",
      "lecture_title": "namelect",
      "language": "ab",
      "this_lect_is": null,
      "is_consired": false,
      "check_anycity": false,
      "is_complete": false,
      "is_canceled": false
    }
  },
  {
    "model": "first.app",
    "pk": 9,
    "fields": {
      "user": 3,
      "country": "countrytest",
      "platform": 7,
      "date": "2018-03-29",
      "lecture_title": "namelect",
      "language": "ab",
      "this_lect_is": null,
      "is_consired": false,
      "check_anycity": false,
      "is_complete": false,
      "is_canceled": false
    }
  },
  {
    "model": "first.app",
    "pk": 10,
    "fields": {
      "user": 3,
      "country": "countrytest",
      "platform": 7,
      "date": "2018-03-29",
      "lecture_title": "namelect",
      "language": "ab",
      "this_lect_is": null,
      "is_consired": false,
      "check_anycity": false,
      "is_complete": false,
      "is_canceled": false
    }
  },
  {
    "model": "first.app",
    "pk": 11,
    "fields": {
      "user": 3,
      "country": "countrytest",
      "platform": 7,
      "date": "2018-03-29",
      "lecture_title": "mysecretcombination",
      "language": "ab",
      "this_lect_is": null,
      "is_consired": false,
      "check_anycity": false,
      "is_complete": false,
      "is_canceled": true
    }
  },
  {
    "model": "first.app",
    "pk": 12,
    "fields": {
      "user": 3,
      "country": "countrytest",
      "platform": 7,
      "date": "2018-03-31",
      "lecture_title": "mysecretcombination1",
      "language": "ab",
      "this_lect_is": null,
      "is_consired": true,
      "check_anycity": false,
      "is_complete": false,
      "is_canceled": false
    }
  },
  {
    "model": "first.app",
    "pk": 13,
    "fields": {
      "user": 3,
      "country": "countrytest",
      "platform": 7,
      "date": "2018-03-29",
      "lecture_title": "LECTURE",
      "language": "ach",
      "this_lect_is": null,
      "is_consired": false,
      "check_anycity": false,
      "is_complete": false,
      "is_canceled": false
    }
  },
  {
    "model": "first.app",
    "pk": 14,
    "fields": {
      "user": 3,
      "country": "countrytest",
      "platform": 7,
      "date": "2018-03-30",
      "lecture_title": "EEEEEEEEEEE",
      "language": "ab",
      "this_lect_is": null,
      "is_consired": false,
      "check_anycity": false,
      "is_complete": false,
      "is_canceled": false
    }
  },
  {
    "model": "first.app",
    "pk": 15,
    "fields": {
      "user": 3,
      "country": "countrytest",
      "platform": 7,
      "date": "2018-03-30",
      "lecture_title": "dsdsdsd",
      "language": "ab",
      "this_lect_is": null,
      "is_consired": false,
      "check_anycity": false,
      "is_complete": false,
      "is_canceled": false
    }
  },
  {
    "model": "first.app",
    "pk": 16,
    "fields": {
      "user": 3,
      "country": "countrytest",
      "platform": 7,
      "date": "2018-03-30",
      "lecture_title": "yesssssssss",
      "language": "ab",
      "this_lect_is": null,
      "is_consired": false,
      "check_anycity": false,
      "is_complete": false,
      "is_canceled": false
    }
  },
  {
    "model": "first.app",
    "pk": 17,
    "fields": {
      "user": 3,
      "country": "countrytest",
      "platform": 7,
      "date": "2018-03-30",
      "lecture_title": "yesssssssss",
      "language": "ab",
      "this_lect_is": null,
      "is_consired": false,
      "check_anycity": false,
      "is_complete": false,
      "is_canceled": false
    }
  },
  {
    "model": "first.app",
    "pk": 18,
    "fields": {
      "user": 3,
      "country": "countrytest",
      "platform": 7,
      "date": "2018-03-30",
      "lecture_title": "yesssssssss",
      "language": "ab",
      "this_lect_is": null,
      "is_consired": false,
      "check_anycity": false,
      "is_complete": false,
      "is_canceled": false
    }
  },
  {
    "model": "first.app",
    "pk": 19,
    "fields": {
      "user": 3,
      "country": "countrytest",
      "platform": 7,
      "date": "2018-03-30",
      "lecture_title": "yesssssssssSSSSS",
      "language": "ab",
      "this_lect_is": null,
      "is_consired": false,
      "check_anycity": false,
      "is_complete": false,
      "is_canceled": false
    }
  },
  {
    "model": "first.app",
    "pk": 20,
    "fields": {
      "user": 3,
      "country": "countrytest",
      "platform": 7,
      "date": "2018-03-30",
      "lecture_title": "dssdsdsdfdfvcdfvdfv",
      "language": "ab",
      "this_lect_is": null,
      "is_consired": false,
      "check_anycity": false,
      "is_complete": false,
      "is_canceled": false
    }
  },
  {
    "model": "first.app",
    "pk": 21,
    "fields": {
      "user": 3,
      "country": "countrytest",
      "platform": 7,
      "date": "2018-03-31",
      "lecture_title": "HMMMMMMMMMM",
      "language": "ab",
      "this_lect_is": null,
      "is_consired": false,
      "check_anycity": false,
      "is_complete": true,
      "is_canceled": false
    }
  },
  {
    "model": "first.cms",
    "pk": 1,
    "fields": {
      "title": "Index",
      "content": "Text"
    }
  },
  {
    "model": "first.cms",
    "pk": 2,
    "fields": {
      "title": "FAQ",
      "content": "ABOUT"
    }
  },
  {
    "model": "first.cms",
    "pk": 3,
    "fields": {
      "title": "About",
      "content": "sw"
    }
  },
  {
    "model": "first.cms",
    "pk": 4,
    "fields": {
      "title": "Partners",
      "content": "ds"
    }
  }
]